ApartmentId , Price, Age, DistanceFromCityCenter
1 , 54.41702473653534 , 98.80083777131883 , 52.522386087930684
2 , 34.02440782180516 , 14.584226862492336 , 76.03215956915064
3 , 68.1500912980467 , 16.52662468755063 , 26.627342846879767
4 , 58.64118610753943 , 91.65856640688676 , 6.200509162987031
5 , 35.43133830094412 , 1.4684266346274675 , 77.38691228796738
6 , 98.12360426912346 , 92.49835328492871 , 60.943667637313716
7 , 87.70330745756581 , 60.56068171990607 , 6.623096154928821
8 , 63.83409037066907 , 9.643365087254644 , 17.871361668307795
9 , 66.13003015688763 , 31.773706638511506 , 40.995823630629275
10 , 56.523329507686725 , 74.55224125715924 , 84.81069848816462
11 , 3.239486493127078 , 95.98135079582728 , 25.600448547197722
12 , 18.7944499027204 , 12.262834564978395 , 39.833657506166006
13 , 98.34342906586404 , 43.51077459385346 , 55.63635626690441
14 , 33.53038831114792 , 28.027307546056008 , 87.85058446931345
15 , 39.610395907389325 , 2.2324343696257225 , 44.67492926060911
16 , 29.20660466729173 , 30.585031633918085 , 48.03295477880187
17 , 20.299223417246758 , 95.22925350242417 , 95.87228099692403
18 , 90.01113732650454 , 21.79645787223297 , 35.190511744903965
19 , 71.16448363439308 , 85.74478677650266 , 39.212686784840784
20 , 87.74171702186774 , 77.31930998314678 , 39.44508555553894
21 , 69.03556770595985 , 73.17261734917551 , 62.46307888396618
22 , 28.22322101752153 , 70.43520399594952 , 88.44836437446786
23 , 87.82964584737701 , 39.76684440744675 , 76.10307795896584
24 , 82.96293479956479 , 6.531522417564688 , 92.47089753022568
25 , 98.13108698953393 , 72.93208135967667 , 22.887651422715862
26 , 95.6935858700413 , 87.2116142699356 , 61.88228999609973
27 , 97.82408328602484 , 72.68526527036413 , 24.542351357670825
28 , 36.93241547697758 , 46.36762039665399 , 69.75276756630338
29 , 27.531390920086505 , 91.94805004040863 , 23.422012825969617
30 , 85.95044491400763 , 74.26105550182066 , 17.987487762819242
31 , 23.222338009924346 , 69.14475464045091 , 18.460806355002774
32 , 49.83303027192025 , 62.05759113272244 , 67.49867900347358
33 , 43.48660105880726 , 28.860160161566355 , 84.20347454530685
34 , 58.14149586552595 , 57.74899144070279 , 53.777663895300805
35 , 8.2171570869205 , 96.89759149164556 , 67.25606287414833
36 , 96.46470716752243 , 70.49785108801348 , 15.069636728412167
37 , 36.46483434444278 , 37.057455393833 , 85.05930319917515
38 , 51.884775309515476 , 46.13685105842216 , 65.21385446945443
39 , 27.183018802875356 , 54.38367725538167 , 74.3057727108116
40 , 99.67406227702836 , 27.763182039879695 , 39.64932142163737
41 , 33.38503779035656 , 67.31537828202599 , 45.71790816071139
42 , 71.78021383914907 , 65.56289692994596 , 19.576281240950227
43 , 4.529293861609055 , 94.31830223439471 , 27.102169948256627
44 , 93.2685323901429 , 91.65655319820738 , 95.89730661772029
45 , 13.6348524293881 , 1.7181355653734594 , 79.11167827434407
46 , 3.4274009495531095 , 85.45571866198036 , 48.670054228864366
47 , 1.1935159361116838 , 79.63721912104461 , 72.47534188461347
48 , 2.8581954189554066 , 87.67998961809592 , 92.97041193732834
49 , 14.098963333194488 , 48.389595383557435 , 94.50157163172001
50 , 5.870449624799664 , 79.84584777399739 , 35.09640175746552
51 , 55.5510926930665 , 10.475016979752175 , 13.868083552711386
52 , 29.4633017010883 , 49.97407722323424 , 47.05272318486006
53 , 31.893660893153264 , 98.73710217268452 , 2.3428870505415182
54 , 5.197597522010296 , 58.445984276212734 , 23.988005347578735
55 , 24.650953930074973 , 11.467330610399335 , 52.81544814834163
56 , 9.930305945446092 , 30.13903530047295 , 33.05863345456216
57 , 40.861210555609816 , 15.710728001962613 , 78.51113601815842
58 , 15.808232645497677 , 57.94563127647695 , 50.36891719678996
59 , 26.076650771489575 , 87.02698848506795 , 69.32818432127057
60 , 66.44791107773615 , 81.72973746575241 , 25.96610160643307
61 , 70.29554472301147 , 3.6368776684162842 , 86.46749627450019
62 , 3.4850082804640983 , 72.98488569219612 , 3.3440056052197455
63 , 24.752120961978086 , 23.557635457730644 , 25.76236680818924
64 , 71.32108788434759 , 33.92921750662416 , 70.21585866763571
65 , 97.3371823754716 , 83.23104491383076 , 60.83539038240032
66 , 20.172753489431813 , 74.12997445870046 , 41.33510791095531
67 , 19.60166560764005 , 74.7440097819111 , 61.007127867881316
68 , 23.452151420194944 , 5.0156960174930125 , 92.79316652216814
69 , 83.0584012278627 , 29.623302862178164 , 41.96112461376392
70 , 4.058663780689696 , 50.31237422297576 , 34.61831614323411
71 , 41.504190146557896 , 29.354816446909602 , 64.09830824713634
72 , 34.96093253141138 , 97.83756807498705 , 48.30019982256766
73 , 60.902405475076996 , 55.190001038947074 , 6.868889204564949
74 , 10.507861584402976 , 8.838617745821846 , 89.63770767488168
75 , 99.12874221582308 , 58.24741333491325 , 9.274775637242612
76 , 85.52477058328198 , 11.696629056616654 , 85.61949866783485
77 , 10.341971712049784 , 77.26059026907375 , 59.626125734847356
78 , 94.6183425930306 , 18.579353239651137 , 2.8766573312302652
79 , 84.97241109608493 , 65.3748250390583 , 33.800525769044256
80 , 89.18411901516495 , 5.739987475478351 , 8.47413331706907
81 , 37.53106891836925 , 49.76714768904626 , 25.083692404425516
82 , 34.997714853313674 , 22.80951364453908 , 72.14854000970838
83 , 79.02785464783737 , 95.99675944263049 , 75.98198648926544
84 , 93.35990456619517 , 83.87861255297602 , 68.7890269968827
85 , 81.14056946467457 , 94.85786049609648 , 62.85135722348351
86 , 56.36762376022769 , 54.50829463122381 , 33.25664789216147
87 , 76.9856185381139 , 67.29943881159603 , 87.70416715259321
88 , 96.9907036938694 , 97.06510931924414 , 83.98318015468651
89 , 68.66664276510201 , 66.65324895772353 , 70.72685725810842
90 , 78.95724091782614 , 42.34892893965265 , 89.40185405864733
91 , 99.5955636526744 , 48.783743390511475 , 13.949506403002577
92 , 93.3629179568944 , 38.879522520179805 , 99.18851703823653
93 , 18.027006929528582 , 82.03265430021204 , 48.5025065823035
94 , 61.76573606577838 , 7.727172641922901 , 32.4995542613947
95 , 63.32555348865163 , 20.05279872935651 , 74.78251747338696
96 , 63.059719727623374 , 74.51492995086377 , 96.37805913714078
97 , 39.56063758734051 , 40.946711410777596 , 60.99249809393737
98 , 87.42859968962254 , 93.62727099767024 , 46.18521061555833
99 , 45.07793265276163 , 34.55359183917908 , 65.87911360669816
100 , 37.56767921963149 , 69.68262660026282 , 18.780563258159738
101 , 33.37945833711028 , 49.0187065367542 , 25.76651850332941
102 , 89.29535162847542 , 88.55475422592521 , 79.20249797653068
103 , 55.86162672922435 , 23.940852776875904 , 33.07112634935975
104 , 86.21542492679286 , 61.52947119504661 , 40.87452997558189
105 , 52.01637995141555 , 56.29800532666838 , 54.32292378785529
106 , 6.083558921718041 , 4.228361017955536 , 26.231290051975474
107 , 64.12483134705886 , 41.528873241014225 , 36.501643783580015
108 , 24.149760001499477 , 52.64330623155193 , 82.64586351572382
109 , 8.523780313668187 , 35.19713013387176 , 65.4553231804097
110 , 52.17047322858204 , 51.06720105475667 , 79.72049682168407
111 , 59.137433995100835 , 4.114750817870863 , 4.866082080521545
112 , 49.04140682867889 , 33.221062110576824 , 75.30253189634432
113 , 56.14947643621497 , 9.9400526035474 , 58.298336618370904
114 , 38.78481839618292 , 67.19787174090395 , 97.74428718406742
115 , 18.735888873107545 , 26.770058115195372 , 55.840225824320946
116 , 81.19937270116064 , 2.662403633799439 , 18.293153866911048
117 , 17.245688154461575 , 28.89136206854732 , 38.36739692959668
118 , 1.136879537827855 , 12.043768784732682 , 27.5108935321525
119 , 74.51858644857919 , 68.76460386845953 , 74.47879039774989
120 , 95.19107185525252 , 83.97931483303597 , 1.4087486991449394
121 , 93.26587273518618 , 47.144093964581785 , 37.33861533465139
122 , 1.7477294995501378 , 44.770424986653694 , 30.857060319393426
123 , 38.34173339823556 , 65.37838114205799 , 54.410583494106255
124 , 41.84699342185212 , 13.343819726199218 , 68.44228592364603
125 , 77.41758095463501 , 25.906212739849206 , 90.89032509322271
126 , 11.168018367626082 , 60.65812906323925 , 67.54013065286043
127 , 63.20535424129088 , 88.5715045533818 , 67.55569997637802
128 , 12.447135612350406 , 83.0007830095467 , 3.9050362942868606
129 , 95.70931638032118 , 64.25253403390464 , 24.4406899468631
130 , 78.43644349528687 , 55.19727349413041 , 42.68009681245183
131 , 72.54820571414673 , 95.44052599030441 , 47.676832572569886
132 , 81.83338997224415 , 70.7833120390787 , 45.38820911491523
133 , 97.65721069389376 , 9.415855051331068 , 6.342041838917547
134 , 71.27271720891986 , 61.94690283348854 , 50.65883042226307
135 , 16.11539772096911 , 23.34759794051351 , 6.6920428943896795
136 , 79.46224058294713 , 99.86470340426084 , 50.33489461022963
137 , 12.94301124726017 , 17.016848741068145 , 85.82736238536887
138 , 95.44207151081427 , 8.733324354135625 , 93.59021349225023
139 , 42.635543836195275 , 60.38857271449933 , 35.276445809081146
140 , 65.89334459502972 , 61.69172029667093 , 75.14455740824019
141 , 20.45973876749334 , 85.90376286252858 , 92.49215693567757
142 , 6.808317741914587 , 98.05774797192916 , 14.425818051442043
143 , 71.19244012359883 , 78.49315736652837 , 3.519421546325543
144 , 93.35244468186204 , 38.549104305055 , 89.59370733154356
145 , 45.172173183016355 , 61.324758262298914 , 1.3443196224684075
146 , 47.32566872684524 , 48.249120885013525 , 45.86375276953258
147 , 98.96340775109859 , 32.61569020260261 , 93.60694705215477
148 , 35.739452328640624 , 28.406786386355723 , 72.3291120256726
149 , 75.40690818635706 , 67.70849385758935 , 99.53889476261097
150 , 33.71976522560371 , 75.7016486330224 , 7.635638785981812
151 , 4.874689819942183 , 80.66942417668318 , 89.56993257406955
152 , 1.101813243141341 , 79.83410983298162 , 22.170007043199252
153 , 42.31641436377343 , 29.06412645779674 , 99.74298758105869
154 , 29.056359217524594 , 38.43061524712263 , 59.310732624120696
155 , 42.034989161336235 , 38.560794358136 , 46.43367941731783
156 , 82.91208277565948 , 33.949193168312036 , 85.95277764348035
157 , 60.647133149437316 , 48.02614021093134 , 89.15384097793778
158 , 13.056785196284723 , 79.97812817804072 , 57.81996012590848
159 , 34.83944822424019 , 67.78072154966694 , 51.28489647943174
160 , 93.64136720983451 , 94.46071249119741 , 48.94639116636232
161 , 49.39782279208603 , 60.74512507238498 , 5.681657080598057
162 , 64.7236739734313 , 46.54852559212828 , 73.15589016387882
163 , 81.63213141284383 , 34.21182463263275 , 4.6306413444237835
164 , 14.033680987116469 , 18.755533596847602 , 4.23262080736273
165 , 73.64769428536566 , 63.52179454473861 , 85.4286967811941
166 , 84.78367852432676 , 19.03027457468368 , 41.61350801573664
167 , 27.75956851362813 , 68.48146491096483 , 12.191723109418621
168 , 77.81437366350833 , 20.89234187605397 , 38.54956348272393
169 , 22.295567005431806 , 14.229955350425007 , 26.114019729592876
170 , 71.14980916854425 , 37.87842973866491 , 68.26757919026186
171 , 71.37681504511518 , 51.33107671525374 , 88.81798681579724
172 , 67.23753752292015 , 98.7034134751499 , 27.79384312614203
173 , 28.707027134144944 , 57.21133161197575 , 60.21288779617748
174 , 13.071782543984911 , 65.98317151640275 , 66.8508960303381
175 , 87.11483103850804 , 83.6610560331402 , 16.798635951351223
176 , 94.14305706927478 , 87.72405831598809 , 16.496035146804026
177 , 87.17431920542873 , 83.88217205095053 , 73.34904848133499
178 , 92.87939000623298 , 15.86156109894181 , 31.62486580120593
179 , 20.802830206299223 , 87.30902783999358 , 74.03263576453561
180 , 88.54899921697307 , 38.32436211718303 , 63.34607251582495
181 , 29.001729322295937 , 39.263155698705916 , 73.7707726867782
182 , 12.53947334804277 , 25.057618782577993 , 2.2996700327665556
183 , 78.74988669911076 , 64.51818503642735 , 21.215629748928162
184 , 82.13261509601038 , 32.61177148906151 , 41.62084233823041
185 , 35.43044417846134 , 57.150753613622534 , 29.22459065057675
186 , 10.635284114427044 , 9.361893304783052 , 95.44799866775165
187 , 57.90919665912879 , 34.22759639927776 , 36.66240969329772
188 , 62.70184485673808 , 29.13112969783481 , 53.921179325133394
189 , 1.2347827805353393 , 27.436963939846372 , 92.80245315649297
190 , 11.737444169595502 , 90.67491484308802 , 93.59787160294867
191 , 95.07103676832993 , 21.819773810553276 , 68.88994400351201
192 , 76.78926165411649 , 84.53392117343077 , 57.31373418858968
193 , 76.99038485495784 , 96.61669703507913 , 73.58744094956319
194 , 93.97272475578426 , 43.01185483132511 , 43.65056720667253
195 , 29.63450716844379 , 90.65090806043548 , 29.346504144877084
196 , 23.86331408816323 , 58.71100748337941 , 50.216602298326585
197 , 79.93602763117428 , 29.800282091382172 , 46.99549884816438
198 , 77.89483911155118 , 71.44496926042119 , 16.515939391014662
199 , 78.6350283285513 , 26.279707469248105 , 24.85613680938323
200 , 82.69857120910339 , 23.366484688858996 , 11.815666961260762
201 , 71.6066673601241 , 48.8346718778033 , 16.421975686297955
202 , 24.160508468496133 , 84.99769208897507 , 71.96330253802962
203 , 74.1954746787658 , 34.64416542426692 , 5.73223958098879
204 , 97.73856151356692 , 13.434393069978965 , 58.129081989844465
205 , 1.034511145365161 , 41.55631959690724 , 59.198576055019686
206 , 48.53337004511866 , 67.02807407796446 , 84.05465633880468
207 , 37.07073448196983 , 17.65792439872631 , 65.52515778338446
208 , 16.656370311655504 , 26.27083482722206 , 39.66968931315239
209 , 26.495010124154742 , 87.38071065331481 , 36.395781993178296
210 , 44.9856179402693 , 94.63596953590475 , 13.590816912691182
211 , 86.28847299259813 , 27.214084735319354 , 67.52180773761185
212 , 8.889599342366658 , 65.68316389475409 , 43.67738533800028
213 , 97.74879388157906 , 7.376525103111547 , 49.43782232895333
214 , 48.148478909637724 , 69.69024550129777 , 36.4369661382389
215 , 47.7228951085833 , 34.104370757131434 , 95.19414259427622
216 , 4.495773106219202 , 33.84937832594436 , 99.6773624546051
217 , 79.54310085680581 , 45.203558976336254 , 42.54457922883649
218 , 62.11630376074946 , 8.900102593957952 , 94.65324139265311
219 , 85.84444037100319 , 41.2928157958978 , 16.391378986672443
220 , 86.74019881118376 , 59.25737015888367 , 95.44061125570282
221 , 29.91843156717238 , 78.72354852263662 , 26.385355708859546
222 , 78.80029008261532 , 94.36161612846792 , 61.0867181919039
223 , 34.751563045902174 , 15.9979149932475 , 55.79740731097108
224 , 64.58576859117716 , 51.670110555678335 , 4.634474742344667
225 , 30.6185082535387 , 59.08371045768653 , 43.39613331714063
226 , 43.782216588070916 , 78.11595672390514 , 39.62567691684173
227 , 12.06991709377367 , 91.0256713664214 , 59.08156236460948
228 , 79.8354745260894 , 16.659625499663626 , 30.507600509911683
229 , 37.52234492701653 , 72.882489403897 , 46.26957371683337
230 , 59.19310103020664 , 14.586295394684587 , 21.75864510962976
231 , 6.447865568025482 , 12.979653530884201 , 71.82975109441503
232 , 31.734489463273512 , 92.46646943185964 , 8.910730064044316
233 , 60.505432701760505 , 60.9560216816479 , 91.08516026033165
234 , 23.85055183261331 , 87.71771719696143 , 82.29967680888637
235 , 94.93237459962586 , 67.99634111021075 , 65.99103835076174
236 , 86.179997775696 , 20.027551464517487 , 42.42795812300826
237 , 36.707293382271374 , 26.05265030022487 , 49.91560720657318
238 , 24.523130176941333 , 18.19963723904261 , 44.339163738576175
239 , 78.16772050411602 , 61.06290294568693 , 17.850634177041727
240 , 89.47212236975294 , 70.86485689101508 , 93.48257088542186
241 , 80.43559272614525 , 87.35367863627395 , 42.885628132972116
242 , 87.22339961681749 , 92.5718710102642 , 10.181711591723642
243 , 2.697466594861871 , 46.767230374290754 , 1.9059230334794521
244 , 49.06023535220047 , 85.08631976329127 , 38.64925471948634
245 , 66.72767828138875 , 2.3407572160786163 , 94.96606285444486
246 , 10.680151792736442 , 20.816229482763898 , 3.249312866372016
247 , 6.794313562750225 , 19.783273317558603 , 7.112563656547101
248 , 15.112405120721801 , 46.42720959609035 , 99.0702349384887
249 , 70.44139055494745 , 17.774773788618443 , 93.38493367786685
250 , 53.929631971201566 , 28.21773741301996 , 41.249728946307215
251 , 51.36456725431705 , 59.1126229594735 , 67.94953886385402
252 , 28.361693432764753 , 53.11500694912424 , 41.82226029007863
253 , 56.44251085213643 , 60.39343987487673 , 13.241234436151567
254 , 55.851309271832726 , 17.639666927580045 , 23.933636191349414
255 , 86.68682975754938 , 66.13274868696149 , 82.32281948541792
256 , 34.73172859255081 , 48.85690124731679 , 7.206065461702819
257 , 90.68663422925697 , 64.9946509553744 , 97.65081335829075
258 , 22.567294271503894 , 34.47803354449357 , 99.94137682865059
259 , 95.87867865687642 , 66.01237703317315 , 80.20996295769699
260 , 95.40283320702721 , 39.774565889279664 , 45.19958788042326
261 , 65.55085536352045 , 29.64777036465519 , 76.08769256020875
262 , 26.03844412646318 , 17.212466220445176 , 61.31313589427232
263 , 85.66040974251824 , 52.30974993251546 , 67.63640407434319
264 , 46.273238192755414 , 83.7223500627286 , 2.7839720958693226
265 , 71.33748073539057 , 98.00385361264753 , 60.16560524721654
266 , 63.5131936689547 , 29.91395560336633 , 78.64024386670054
267 , 86.36993513210534 , 16.765684472891273 , 90.97475774282795
268 , 29.938413010328656 , 69.45853998536161 , 71.30980899536395
269 , 75.53603853107008 , 85.9685621779308 , 10.964091197473499
270 , 80.35302484234612 , 79.65914452078181 , 61.54317284007859
271 , 68.63743037683743 , 44.85807812939975 , 87.55669594251974
272 , 25.631409876086767 , 53.38256897594277 , 86.74039168823467
273 , 67.0904657564814 , 49.934659605613405 , 69.14569160260147
274 , 3.825683299170681 , 18.772479612805245 , 6.106966384126886
275 , 87.65486316004576 , 21.356009330342708 , 31.407203084596233
276 , 61.26611287190003 , 57.78099854564022 , 21.481595751218617
277 , 10.708063380123408 , 63.36550471758607 , 58.709882522259804
278 , 15.112210390454061 , 21.199752252135696 , 34.53121893090431
279 , 15.83103347116303 , 29.612497649037483 , 54.78237229616787
280 , 84.5306508155376 , 33.061940570881795 , 61.93053297325377
281 , 90.15278616022492 , 67.54172717081559 , 41.49485347420814
282 , 55.540676872856785 , 33.220577254870676 , 26.378791236225233
283 , 15.730950063806016 , 48.65708313266053 , 39.45674155173963
284 , 51.22702166679528 , 2.8605993264485083 , 2.847545142186916
285 , 6.628198941960427 , 21.776518998262418 , 25.008642089728006
286 , 74.90407370509345 , 69.74957014099063 , 89.1847632095434
287 , 51.957392745817145 , 17.82919023506291 , 52.86964219648556
288 , 97.08339858444087 , 5.069666610510583 , 15.8105321260898
289 , 57.073901925253296 , 84.4553381143411 , 38.513936919432915
290 , 58.83211376096448 , 92.04631745878854 , 82.59818765346567
291 , 6.239570722922327 , 93.76601123676602 , 87.56974375723549
292 , 44.92674412788992 , 2.1463680506655263 , 87.07317574395447
293 , 13.162043518100473 , 83.77730492442014 , 2.7434113403536724
294 , 50.59317608829578 , 22.071081674280578 , 59.37987679176381
295 , 73.2863650964431 , 13.72684021592533 , 70.8380306935848
296 , 45.085112302456146 , 15.534893263983934 , 23.36928531043957
297 , 20.9331695955098 , 92.52638261220743 , 30.84752226341704
298 , 16.64884152946329 , 53.772169092565065 , 21.324555681723695
299 , 30.827362549768804 , 81.55231617176598 , 9.453289585818883
300 , 82.39678894656524 , 15.776592294048855 , 45.87482703363545
301 , 83.99341086714507 , 41.23759641960526 , 63.77121464304669
302 , 2.31693022594387 , 40.18644215959927 , 96.7839444013741
303 , 99.39165399658603 , 97.35535336560591 , 58.17040690566839
304 , 95.93288971537312 , 46.7611411054508 , 22.91389285739382
305 , 2.4081113679289015 , 13.565408591125637 , 55.9530718202914
306 , 94.43871466085183 , 3.506685489684471 , 27.944422584471113
307 , 33.108895355677255 , 83.6280551110469 , 85.09173527098335
308 , 38.67192023998764 , 3.264142004871201 , 75.0479620417351
309 , 85.84219581376006 , 77.86531473773577 , 68.27232033123612
310 , 25.338260610563033 , 21.22574710978197 , 70.75480740061498
311 , 36.456314894864505 , 58.438223788346335 , 52.721518701786216
312 , 92.68350828953577 , 7.9808887577754595 , 68.89034276296982
313 , 38.09676243873288 , 31.907554430832317 , 18.48703461868714
314 , 85.22071349965252 , 77.06206311914146 , 44.98922273999411
315 , 62.64833101557965 , 33.386145534323084 , 29.72719515031291
316 , 90.91492484344356 , 45.639200448710824 , 5.169840841129958
317 , 30.14994021746554 , 58.56070146819917 , 18.099532997261754
318 , 53.71620004359245 , 95.12196798652194 , 92.38142432067887
319 , 64.80572287760486 , 16.12474628802719 , 34.04154863000161
320 , 10.525451495783868 , 53.71907039506652 , 81.95697654077813
321 , 81.75125357231121 , 5.990007020472047 , 84.83887407181106
322 , 99.09321689539664 , 23.16049841243994 , 67.97463967822452
323 , 8.264502396738852 , 38.422319933162605 , 9.354715984578691
324 , 75.91846904335408 , 66.18702163443588 , 90.93092139820943
325 , 14.274029039767152 , 28.70767340924085 , 45.989199813132274
326 , 77.05718547433568 , 98.80614638121385 , 88.45870237278054
327 , 86.34057130584655 , 31.694626617214375 , 52.03980522007437
328 , 25.04802481473762 , 93.61305944861793 , 34.72206115801297
329 , 74.67634845119554 , 73.82690089075365 , 29.06452535865013
330 , 70.16808491671436 , 33.456291598291656 , 21.438281019273006
331 , 29.757367687716744 , 45.64808196559877 , 15.584756629056951
332 , 82.72621241912566 , 5.247983349839784 , 21.853164910334133
333 , 55.364814037123416 , 65.79735483116318 , 51.77716243455822
334 , 52.002266028450954 , 2.76255215247837 , 84.65094850299289
335 , 8.870814356426603 , 68.93774872387397 , 78.04253191235652
336 , 86.37560672139324 , 16.806406661144745 , 55.587914378165365
337 , 41.836049171005 , 97.87888592020097 , 83.79743186714956
338 , 13.210832378201404 , 56.446526227214186 , 78.1512732014779
339 , 98.82803063362934 , 40.00519096110137 , 61.61048391048319
340 , 8.569945106420821 , 22.30505811217532 , 71.92536256371206
341 , 12.440767061773965 , 37.58140551643654 , 77.86701362604376
342 , 36.95870038102707 , 94.1811914986151 , 18.681947205829704
343 , 89.93648411144142 , 89.80823995205826 , 59.67898560174136
344 , 94.47325113519601 , 43.95040990226511 , 31.884771983576954
345 , 9.990511493943837 , 35.798534430119986 , 12.754753344261033
346 , 5.834437406010823 , 84.2684590719542 , 88.11199365880857
347 , 4.093209771514584 , 33.8218111135736 , 28.936962460086523
348 , 13.350235807027223 , 85.21002983238678 , 70.61865038416813
349 , 86.33494749338914 , 68.5158045763552 , 74.48561998411301
350 , 86.15955344436313 , 52.49002241802349 , 54.89365451450048
351 , 10.899347974623907 , 10.846635431274521 , 61.57784086839283
352 , 53.87738950895821 , 3.399347953475786 , 71.72461918907642
353 , 80.65699461370971 , 41.171350881311824 , 73.45814506664136
354 , 40.18095476261895 , 83.41726720959217 , 46.67647793692809
355 , 2.69878663953327 , 85.83595314854637 , 56.39422018616305
356 , 43.27920858868988 , 80.78357545368901 , 15.513704749072417
357 , 20.025388168687165 , 22.910427741645133 , 31.131463416547014
358 , 72.80984153196836 , 10.72757572579547 , 31.418730159969936
359 , 12.250477602761956 , 87.69553590210107 , 44.248405804387126
360 , 76.45074756913002 , 99.90277532270805 , 51.99089734107653
361 , 64.33092674803532 , 79.4575389914556 , 94.69485913227565
362 , 60.633483273433434 , 19.55256230503695 , 25.814868269151585
363 , 95.1703695675909 , 71.48798179207486 , 35.251289286721615
364 , 77.59017584277981 , 39.33550900370317 , 6.433022051480108
365 , 15.96963385009778 , 93.10783924001844 , 29.112514295317688
366 , 92.50375442714817 , 34.41108108760937 , 60.073758241599144
367 , 94.72139852999823 , 88.12202565036824 , 65.97689096260989
368 , 29.99521450114573 , 95.80697357370741 , 12.246133685134154
369 , 2.5518464463320187 , 29.008312223168957 , 4.989738155935193
370 , 74.29282361179968 , 53.31072360995142 , 90.27334025452117
371 , 79.65584517897017 , 89.70646497803081 , 10.537129820890446
372 , 55.45755420634025 , 17.426159288974002 , 34.48741053008989
373 , 10.92596513297194 , 44.38972494548596 , 26.935783866651207
374 , 38.556836413642756 , 33.14693006619606 , 1.346431585614754
375 , 78.08880621876445 , 78.80496597077412 , 17.531670691673682
376 , 85.94567150646155 , 44.93547746230401 , 58.07970517232513
377 , 40.55168599447155 , 82.78951895487297 , 2.845255308903652
378 , 57.81999122553979 , 41.10090340030632 , 40.74745459203373
379 , 42.21299846122758 , 46.24056619827935 , 49.40753097483626
380 , 70.68164732869242 , 70.9658813809422 , 80.96600621742297
381 , 88.0728304143296 , 49.47092818240554 , 79.99033668506914
382 , 17.99677983335098 , 84.18780844854982 , 95.51849993854904
383 , 86.21773336161723 , 62.60863562848678 , 23.02281652503717
384 , 49.873480086435755 , 98.81289203499188 , 36.69788340296025
385 , 12.042416627178918 , 20.328482794160568 , 17.947569521198982
386 , 42.14198476890506 , 17.406991797937206 , 47.92959017039641
387 , 45.599192017348365 , 1.7419540926307089 , 71.59033128131396
388 , 59.95516884743315 , 16.590542738291738 , 70.43619051603036
389 , 78.44399813183436 , 4.921149371686414 , 6.783225574641261
390 , 66.96001932032411 , 27.787135512231536 , 45.44711254810825
391 , 25.59738802241885 , 29.126072706727093 , 3.2900268894333964
392 , 11.384649306319039 , 57.22778427845594 , 57.683795683254864
393 , 51.093888146437436 , 36.18885996869764 , 18.189052370621976
394 , 63.399599386111284 , 44.40253419429105 , 5.043033134844106
395 , 85.43685142064068 , 29.64095911662134 , 91.50850821465434
396 , 27.40909269766525 , 27.927569026522193 , 12.902341680528279
397 , 1.0112178931820663 , 22.558713552545733 , 56.65557683213506
398 , 51.966592004890316 , 94.16300614671518 , 73.87729591012832
399 , 94.79429278954643 , 57.8638415316559 , 36.936464872255385
400 , 20.20019694947429 , 60.80778771698209 , 58.857514706565524
401 , 45.62319724789935 , 47.17278991189552 , 52.955006488397174
402 , 92.96491173954125 , 44.52763519687361 , 23.894908991833518
403 , 96.2727411442462 , 16.808386382310047 , 20.229839397469096
404 , 21.846062568545214 , 93.94499673922445 , 4.0721146735983424
405 , 71.04420009473925 , 20.095081360092436 , 9.611770309019658
406 , 39.05102330455027 , 84.1380928076885 , 72.8466473075774
407 , 24.57851187889665 , 77.14031253074268 , 91.21073251672716
408 , 20.281164497526735 , 45.30910687047681 , 27.771898315121206
409 , 70.72959625562777 , 36.73425256159759 , 55.9950874733223
410 , 40.46655982630858 , 73.65091289066869 , 14.368951863575782
411 , 38.32032131202658 , 2.6259697596579032 , 12.152864067985723
412 , 11.650433139359269 , 30.3172505851897 , 55.53653783377849
413 , 88.8417681348642 , 33.23215391941342 , 46.810696935185184
414 , 44.990901951717795 , 27.200038566430884 , 44.46649421102761
415 , 98.11191914226457 , 88.20011347868206 , 87.64393737825644
416 , 89.11572975648996 , 95.89501443470847 , 29.791286393656733
417 , 50.175242752586705 , 14.330024303123684 , 91.6028643136801
418 , 17.43684811981332 , 50.641385413205114 , 59.88472076154873
419 , 85.01829293043592 , 24.339504653089783 , 42.95263639209585
420 , 20.093697430038507 , 62.91210405184351 , 6.509011729921673
421 , 14.510488779719218 , 37.52403248287457 , 30.380686364347678
422 , 29.6262882160394 , 12.070736612940985 , 11.645726346647846
423 , 13.95011435526405 , 55.35913502215489 , 41.702231380463445
424 , 58.86448443362093 , 60.044135774219036 , 59.76663516025797
425 , 48.5290441551087 , 47.73196039020146 , 59.53610003030076
426 , 99.86411381999623 , 53.5591793321817 , 10.258033945139168
427 , 88.42747950674857 , 82.76821596756533 , 2.874792802702665
428 , 23.369705109548143 , 62.78399995299032 , 9.106820146777315
429 , 58.38693214988393 , 88.37558598717553 , 25.6026691001904
430 , 17.773672871823603 , 64.06055505309271 , 68.22986328662229
431 , 79.41846647259807 , 98.07005923527616 , 91.04713056741552
432 , 64.08786307002786 , 67.81844706021378 , 45.802156655050815
433 , 76.50601765235908 , 32.19796407970703 , 89.28474727473822
434 , 89.21611675462093 , 69.36658094474264 , 11.038008388439923
435 , 95.70752822237276 , 46.37454622807582 , 32.96801379743245
436 , 47.48204094133805 , 63.58560203315029 , 89.2810778835777
437 , 64.94468177911406 , 35.47528893017437 , 46.09156207645077
438 , 63.97393330885863 , 12.820445805872046 , 17.375099357555598
439 , 37.81138157310892 , 78.11386693463794 , 88.08181084443841
440 , 47.46418746198397 , 58.52315402336928 , 24.956529315280974
441 , 9.331597445443565 , 1.825739457234871 , 93.16702008990497
442 , 69.15992880381557 , 71.22026242162411 , 78.64497045989725
443 , 29.328740004896133 , 8.15174311871243 , 97.96751967430693
444 , 98.90776212379272 , 54.39498072071715 , 20.770818784226964
445 , 7.853540717745548 , 97.22177971532294 , 23.91464314094251
446 , 48.14747403857881 , 32.02670549002136 , 93.30840287174976
447 , 10.875725900166163 , 22.558066457976217 , 68.56594627748322
448 , 92.43847909518502 , 42.10862565085078 , 37.60444144333023
449 , 20.770251914641722 , 76.54754690714893 , 89.81011418729943
450 , 50.27228579028765 , 72.29417183917508 , 3.092298137282275
451 , 4.58866857153106 , 48.31090875598133 , 1.442803583822457
452 , 3.644198639568622 , 52.62875799448103 , 97.26635294717296
453 , 63.42167283723629 , 45.53454435727748 , 78.0787856123541
454 , 3.00450064741617 , 71.88719249207863 , 20.83855339965298
455 , 92.84469655115402 , 15.996169229494862 , 2.5244125149701278
456 , 21.066404427432875 , 32.525011807443704 , 69.07658751231732
457 , 65.87848277110635 , 55.8754605999096 , 90.37046813215458
458 , 71.89910255288942 , 35.24329070140907 , 60.721559642923516
459 , 82.83687593794535 , 73.77929910952872 , 29.623946418249318
460 , 94.86271022484418 , 58.9458831899205 , 25.35201813361971
461 , 6.763783056535812 , 16.219907679117973 , 67.07648418504522
462 , 77.88131888985808 , 55.51933442263237 , 5.065972637060997
463 , 19.243856484159764 , 25.291964214497405 , 88.81854041643608
464 , 91.7444895303138 , 18.682183955601193 , 82.57475602203908
465 , 55.23491637456694 , 51.88689882079221 , 74.9278352025147
466 , 71.82652109645161 , 42.61719467460157 , 4.26055228549613
467 , 15.325391650879538 , 42.95296324990501 , 43.02733220909822
468 , 17.756662355326384 , 51.445885209907075 , 15.074164780635801
469 , 41.682828349633155 , 3.6775569266639474 , 51.60474918434866
470 , 25.679406783594867 , 58.69036017771375 , 27.247952628361393
471 , 85.60578386680687 , 90.42841988115403 , 31.919309428035316
472 , 91.95643264901773 , 88.05803317262972 , 35.135633101118174
473 , 41.69118511217702 , 84.05421015526994 , 25.122119684439944
474 , 16.056823651709973 , 99.14531480190385 , 5.79809275290251
475 , 49.01351277674249 , 29.266156735334132 , 99.46054453704934
476 , 55.05321428114504 , 2.3936890751092976 , 57.62765308508436
477 , 63.96642939380354 , 19.28534583019223 , 26.128874533665655
478 , 58.87316104505081 , 95.81532573786863 , 18.879503456705876
479 , 31.97209970540857 , 32.56979902888206 , 27.81882095147046
480 , 3.486912068423197 , 47.606587212596324 , 98.80384342759939
481 , 60.24629666158527 , 16.159181694104802 , 52.28860569041624
482 , 46.04694767137128 , 76.20325799798796 , 54.55784834899618
483 , 34.14545452972984 , 39.67924325599917 , 76.56333409149337
484 , 17.051859344771632 , 75.79433630350972 , 20.58559601265608
485 , 86.17050528264967 , 51.9390007483343 , 7.5660449267254934
486 , 88.68087101964366 , 77.54728126532545 , 27.669734952928927
487 , 86.2340347517812 , 93.2565885582236 , 97.14396796848688
488 , 76.98088803622274 , 11.430888070848688 , 96.96782060852951
489 , 32.81537218776711 , 85.24101132670441 , 71.76648870175566
490 , 38.68254090981372 , 28.525984705811847 , 3.0673716121854526
491 , 42.64791672449001 , 85.56188506164374 , 4.621768208584527
492 , 27.97693543158696 , 32.193299237880815 , 76.09723452718237
493 , 99.04269102873225 , 71.24334904728198 , 19.257398085306527
494 , 3.981150934265092 , 84.72880223932465 , 30.95590334575548
495 , 35.68727178200269 , 28.18643468574826 , 94.92167003125999
496 , 66.43820481284055 , 11.484635282585101 , 58.77321972874348
497 , 81.00478843054503 , 76.43582348857196 , 55.208202033026
498 , 69.8536136190298 , 40.27217132158606 , 84.60300432597629
499 , 84.30684493386897 , 17.417326066399397 , 75.38628786317689
500 , 51.55610835404029 , 83.81791483488583 , 45.72467041814081
501 , 61.384539546974956 , 75.38473473062876 , 75.26248520055002
502 , 83.95058568765576 , 96.84516414188087 , 70.2579514571502
503 , 88.62796571040776 , 28.33351561070741 , 84.1324359327833
504 , 18.27724915663453 , 67.9165337471388 , 35.28276007715858
505 , 34.407742983125495 , 29.452991076332623 , 37.48051389869196
506 , 17.471364029827743 , 61.64637709609597 , 81.7771038836767
507 , 34.547543638367166 , 16.00104939886912 , 55.313422589657705
508 , 3.604589621613278 , 11.43608331753685 , 41.1805116960926
509 , 88.9769427512294 , 5.309143843999036 , 53.23329916875494
510 , 88.59414093048966 , 18.70263768994284 , 32.83165011458964
511 , 95.10024360771726 , 82.37157836551232 , 36.67678619390967
512 , 79.45263659097148 , 74.63582961435787 , 38.61925508099711
513 , 14.498558012648648 , 21.6230754548903 , 33.43783558600951
514 , 63.911016211191345 , 1.3071928333149168 , 27.324612238686353
515 , 81.60234249999402 , 85.27291654671728 , 86.47641907777218
516 , 74.12224323245349 , 51.35708437596423 , 7.932412453912326
517 , 47.13254679960451 , 90.51007397330048 , 6.467167804028616
518 , 48.63256803477761 , 39.35801383118414 , 49.36928308628546
519 , 65.07470623037322 , 28.026700060312873 , 29.004203964255396
520 , 18.483369355503246 , 46.39089125433395 , 16.23665385914758
521 , 90.45320737728184 , 81.44518917435845 , 6.087634079213325
522 , 56.373963672848184 , 53.7851375199507 , 67.11625485779295
523 , 29.74563714514238 , 35.06599165549379 , 62.759792960405704
524 , 79.18812470251571 , 17.010168838868918 , 33.418668698330684
525 , 55.0303245920836 , 92.27205323031426 , 95.9743678909088
526 , 91.57195481426982 , 19.018228426254293 , 37.15235202579793
527 , 73.32104392659873 , 14.448584830353692 , 38.581049929501944
528 , 23.82522342072814 , 10.761908479465804 , 64.08006565117344
529 , 6.7145040460918555 , 58.183959649340686 , 85.86374841901774
530 , 78.54406348151626 , 87.14075690895952 , 64.67478625684417
531 , 82.11078050723584 , 28.976885132874816 , 77.02730887204301
532 , 2.152069374293113 , 10.443718811819139 , 25.305283417095684
533 , 80.38929871932305 , 44.644233263144876 , 83.12682128207905
534 , 82.08021217019501 , 48.165528631370144 , 65.46758787997885
535 , 31.988977395709398 , 31.514932580666944 , 14.472917982992415
536 , 66.82854112745017 , 50.25658131154203 , 90.62144402644738
537 , 3.031893056940038 , 68.09904839705064 , 3.960177071249538
538 , 20.05715577563223 , 97.48924289130937 , 39.18126605960742
539 , 12.67137700782631 , 78.50117603283071 , 20.181137547898544
540 , 52.64587270544446 , 75.34205070817139 , 76.70887791616617
541 , 1.532456171400026 , 65.26609501736951 , 7.608610173986341
542 , 25.6836312889815 , 80.13520529576292 , 77.3296788223219
543 , 40.14670889298046 , 5.994884328504284 , 83.52500026904507
544 , 28.105876173866744 , 39.48651889675116 , 34.85100898286314
545 , 29.37039125015392 , 86.6981319382101 , 53.563734498961324
546 , 68.09643151233 , 6.0210041337900435 , 30.75500820903511
547 , 52.812728814736566 , 80.88887307985074 , 10.737403539063937
548 , 37.85472111854896 , 66.24327374575807 , 76.20959839292672
549 , 92.97822108162241 , 8.14658043151519 , 56.13209852867207
550 , 14.892106328778667 , 24.08949718008906 , 29.262091047110374
551 , 74.36287455001153 , 16.46355021765539 , 59.479830401702124
552 , 3.1318279365964514 , 42.33627860624956 , 48.00533890482226
553 , 59.53989478977769 , 87.80793734178452 , 65.81892270812105
554 , 37.12336807132047 , 66.0142550242566 , 77.75427503010577
555 , 98.29260027537383 , 80.1415537379071 , 86.74441483727658
556 , 2.848939375870794 , 39.99221175845582 , 43.3655059980824
557 , 31.374477549188747 , 86.82108301841804 , 46.765557531869675
558 , 15.616224710664026 , 16.02896183371972 , 43.9327113558783
559 , 12.415294723800754 , 82.86818771965905 , 91.2096427543799
560 , 52.18611028681319 , 38.25190532464704 , 80.22426983340047
561 , 13.69712510787726 , 99.99854711044787 , 57.719400467141135
562 , 23.6168675230583 , 98.81314977331446 , 54.57994222262774
563 , 34.84774920934394 , 58.625100722010906 , 57.30365223612588
564 , 98.81237087080167 , 53.00246830875953 , 93.06404012288209
565 , 57.074099041029804 , 84.26035937543331 , 69.7360297261763
566 , 2.0488558713238207 , 66.87671838191139 , 12.153814312849256
567 , 8.211397770322723 , 54.18438994077841 , 79.87606478816122
568 , 5.916811007424498 , 89.07830217432432 , 52.41382542879907
569 , 72.97669387080408 , 73.86795818904149 , 95.7493668303458
570 , 43.91782769202529 , 95.19580868564127 , 4.012698147185672
571 , 65.37985854744997 , 97.56368732878693 , 73.57306417239303
572 , 51.99739891325646 , 40.41171398837386 , 42.97805236816245
573 , 39.89666625094942 , 31.973210785284287 , 78.00082797930769
574 , 59.522390147703966 , 43.67635396997513 , 14.154296118758417
575 , 37.46812203477985 , 5.018334068125901 , 12.54659271887237
576 , 94.8095640093453 , 5.532487353624791 , 55.595792391691816
577 , 11.308414771408584 , 69.79115942928027 , 18.342202524699637
578 , 45.9615366698679 , 87.79307443461177 , 64.10761624861945
579 , 28.558045567078775 , 78.11367716859824 , 75.65546487422225
580 , 30.065258927110023 , 59.71331377187066 , 79.19240881794909
581 , 36.099260325869736 , 81.51198140846836 , 81.15070817625698
582 , 74.5452758360501 , 90.56681527134334 , 50.894981181001846
583 , 44.60697555214291 , 11.995949802613337 , 39.443481098514376
584 , 55.72783421219134 , 72.93007841451663 , 27.202512292274363
585 , 17.13782577385504 , 23.74018088061051 , 61.95093126018123
586 , 12.333023612750019 , 38.010209821870305 , 79.41236850825956
587 , 97.99551413107025 , 47.497148034532216 , 91.46743364487254
588 , 72.39181490189445 , 42.348106184164976 , 35.532952927908475
589 , 6.0703376231324775 , 58.660054792926786 , 63.964172716538826
590 , 57.79991864518166 , 65.43066304986542 , 25.034039144976806
591 , 77.3716540086679 , 72.6486817597521 , 53.51416690814392
592 , 54.10594172869252 , 69.28193564602944 , 70.93387552448405
593 , 79.83998771261282 , 80.08021075393195 , 17.171236298316657
594 , 89.02561843013851 , 17.284549453315122 , 1.4815323706638523
595 , 3.2477779444433117 , 92.81526489131487 , 21.321178502319402
596 , 11.61011851731397 , 12.025138816056923 , 50.64100431998845
597 , 78.41237557173808 , 61.20438959756 , 95.42267784839234
598 , 83.61429201965079 , 86.69886361780286 , 60.31012191667413
599 , 56.2504405125418 , 18.666462198080467 , 76.9156960537362
600 , 35.96056418128608 , 42.461216325168394 , 38.7854475284871
601 , 92.93875126376992 , 37.659380463876225 , 22.730990218201054
602 , 4.229552075808707 , 96.75672352163384 , 27.624293604045167
603 , 60.78709092653296 , 85.03469271197984 , 55.71968561619432
604 , 14.97303910511862 , 29.951531339283214 , 78.09835919516517
605 , 45.10205424021682 , 21.250232013637977 , 59.96105604644065
606 , 87.4639599729118 , 12.710070014862769 , 32.542420883961654
607 , 5.569888920804651 , 49.60121347805851 , 46.301609308164906
608 , 3.335884772979231 , 7.444012498216091 , 51.28853253472876
609 , 50.00085970802894 , 15.390738056495934 , 17.24253129506873
610 , 54.8766154712358 , 18.07884735054953 , 9.387213612599195
611 , 75.25743826518458 , 26.065396714877956 , 42.56630910626634
612 , 40.16272317557843 , 2.6033557118315462 , 64.38199730949148
613 , 98.5989746576841 , 76.77293249981875 , 79.42161689151061
614 , 2.4819987531497096 , 95.28115481295838 , 64.59116558865135
615 , 74.21799774821883 , 48.24041386083547 , 61.090581192529676
616 , 72.69663822285465 , 60.836380475589195 , 43.06518578866883
617 , 62.05721021928419 , 5.97808868901378 , 5.2687904287452625
618 , 11.816835488159324 , 48.48451414279068 , 67.78102527451493
619 , 60.62965839707723 , 2.368285042759776 , 2.3134417906378704
620 , 66.88517320470868 , 50.79889249893728 , 44.28011701016995
621 , 60.97775909178716 , 89.22289343039871 , 86.20102042118641
622 , 30.4133587467528 , 65.48830944800328 , 35.59255212782513
623 , 29.577401872040806 , 66.03514620661034 , 37.91855668168498
624 , 58.28867353413178 , 40.71983221811907 , 4.631538062001919
625 , 67.41516774801616 , 35.394139341293304 , 92.15093660117495
626 , 24.490115548939954 , 47.65013654628261 , 24.53119806426057
627 , 71.32858626995665 , 23.87921205863728 , 82.07686375089152
628 , 30.421008409601455 , 65.25205379031212 , 13.710697882036184
629 , 91.18356495954313 , 12.37731911514684 , 71.92386493788045
630 , 39.96513394396952 , 27.95843230076569 , 12.611278569273134
631 , 87.73923292053911 , 37.24868069232304 , 22.2402138456123
632 , 12.382556862573118 , 86.45580172191252 , 87.06743897601963
633 , 50.92045469907171 , 16.056885716487606 , 4.8927976318354105
634 , 33.80890247264316 , 46.09116119612846 , 44.29946236775039
635 , 67.78998161712424 , 15.024038154221053 , 69.00560722241032
636 , 67.6043772118318 , 6.035253406852556 , 90.05124170471153
637 , 84.81854485007442 , 99.19780097614266 , 46.036759992035215
638 , 13.78256902842595 , 74.57208550295644 , 44.36744103961657
639 , 4.914153816575252 , 7.314423107105384 , 90.2441570892031
640 , 36.364294964365165 , 52.312306223379345 , 90.2816477101168
641 , 31.377732767444563 , 69.87549576964035 , 7.593783576445468
642 , 76.49317656700799 , 55.93698041761545 , 83.05770485267023
643 , 50.30194787013141 , 22.88175623405359 , 93.52333731082228
644 , 37.638605002981386 , 31.649625380906848 , 44.571314466558945
645 , 17.420759753861653 , 27.93279645220508 , 60.681068920421325
646 , 96.95916731565315 , 45.18027492977785 , 61.6299728686597
647 , 69.61290075805073 , 87.89765277142573 , 72.83537710908917
648 , 13.596577382213507 , 66.51559234895468 , 82.19119690317598
649 , 35.19133438604431 , 39.76082195832288 , 1.143879534469781
650 , 20.212207291702256 , 96.16544468949937 , 10.472576116516944
651 , 37.83960403862333 , 92.2985438495297 , 91.14797762973826
652 , 56.15899868829097 , 1.8340241392994865 , 88.03591419224138
653 , 68.49000550723508 , 49.30125197361865 , 40.999743730748385
654 , 2.507280599507459 , 40.99285201316483 , 15.900203669553315
655 , 17.964359113016354 , 57.22849031798809 , 67.70011838805932
656 , 36.72038356858591 , 5.038254801776505 , 15.916146113025253
657 , 82.59470711351031 , 39.16687496265524 , 27.200691400230816
658 , 94.0999949042337 , 10.003047654067316 , 24.84750519301223
659 , 94.6704170100858 , 37.31293096250301 , 94.36317374924015
660 , 83.8265497967191 , 52.310074011255054 , 84.86132856816324
661 , 56.50973221539173 , 94.97483946951441 , 56.180580201369516
662 , 41.57053798839517 , 59.434959297019354 , 92.32948530891191
663 , 60.387078148124544 , 23.009882536665188 , 99.53712950540982
664 , 3.7167201417179703 , 34.94388450769271 , 52.43931900473129
665 , 55.41001320887843 , 35.28965512432949 , 93.22407652434916
666 , 68.44043778707649 , 85.58475174693818 , 23.805054692586253
667 , 36.51293341811914 , 94.81399278629821 , 68.90239727101039
668 , 91.49280562056094 , 74.14165228907723 , 78.43025669695672
669 , 58.05432241235912 , 50.67940149740296 , 6.8709132777463395
670 , 79.84977006191878 , 80.18226412273506 , 63.4256252989759
671 , 7.53804209700425 , 34.17034869917386 , 97.89681599974791
672 , 75.117427726485 , 94.38744762575679 , 33.43234653172683
673 , 63.358344108801425 , 30.541804038052085 , 73.059890331234
674 , 78.76402013772012 , 90.96969939520326 , 65.44392599085836
675 , 97.58437981960579 , 90.67981511686868 , 42.896384846081304
676 , 72.4272479286905 , 20.26120871503827 , 42.97996773569257
677 , 52.00804027396706 , 44.112692809372994 , 55.11434021891809
678 , 49.144775735555484 , 82.8033940798437 , 8.955416692628063
679 , 54.74715167442563 , 60.48514463941616 , 81.83370865659374
680 , 37.511598783556444 , 68.4337058821726 , 38.70833948400023
681 , 81.91985292976196 , 65.3508376646638 , 36.8923828762297
682 , 85.52348265761535 , 64.82771598139271 , 29.13467329216615
683 , 49.241726681147455 , 80.93493766712645 , 60.25809974206075
684 , 77.8180217736675 , 6.210506665477267 , 24.05835495088457
685 , 93.20340468489789 , 24.794929801636147 , 93.01773115539993
686 , 90.62140741882973 , 62.33930378981168 , 34.26505849314538
687 , 75.71109374624757 , 64.73715144622773 , 87.9037039496833
688 , 69.05192918489121 , 43.488938097792655 , 69.05996711486031
689 , 25.96143895604566 , 6.232240680365947 , 54.135819911184846
690 , 41.930536949440786 , 82.99513660580769 , 53.41362318630785
691 , 60.502588235377786 , 54.68373301230576 , 68.44824151366191
692 , 6.173777853080555 , 51.403715571675335 , 46.68566286696924
693 , 76.80330706613611 , 50.87973347707706 , 70.89813678560252
694 , 51.153615256190285 , 44.285622062066764 , 90.751125964416
695 , 84.05037978817968 , 75.09543697082374 , 63.57401941706098
696 , 19.277669094913534 , 74.89676524579782 , 94.2525238167846
697 , 58.366843987443886 , 64.61173332596366 , 70.19232428177058
698 , 33.118043973248575 , 32.13882403097708 , 29.89356097027655
699 , 10.380787410118865 , 40.879286833594854 , 72.02408486962506
700 , 4.015507861636941 , 42.92627051582137 , 12.109808130173587
701 , 49.54532297180502 , 59.35242324361298 , 59.482053737668764
702 , 13.751901249452871 , 87.8110397924994 , 18.038408515525507
703 , 3.8182722609672473 , 30.505213352677014 , 60.385831539357554
704 , 33.70797442790679 , 78.21857759964529 , 9.210648113537502
705 , 89.2404056066207 , 73.93717295072649 , 70.35262154658217
706 , 8.013421767974807 , 86.5706173618792 , 38.80546251102826
707 , 73.69333237653449 , 87.5375943588675 , 92.23507651723592
708 , 7.732345928705874 , 21.845964840487934 , 76.40145558780794
709 , 68.09387982614616 , 41.22724157100622 , 68.06923610310345
710 , 77.1397734787164 , 7.000190641563603 , 67.90173050066868
711 , 36.90049300518224 , 77.82863059147869 , 43.703063960577666
712 , 29.810315650702332 , 49.711956987899214 , 51.11075482633607
713 , 7.531167727601745 , 42.19825732685309 , 71.23382564284894
714 , 86.74743919885317 , 79.07878322995795 , 96.8825867999127
715 , 85.14858344277073 , 36.923382319498394 , 54.47252906319982
716 , 62.295850156962416 , 84.08503067014122 , 16.71505561298938
717 , 76.2103444366426 , 16.98266521528296 , 78.93333371718198
718 , 13.151598200449854 , 18.77976885023185 , 46.28933325502128
719 , 29.88955661170985 , 54.77294629859989 , 79.54620801728748
720 , 15.973305506657887 , 77.92622514989505 , 45.841068921198946
721 , 38.393929316688116 , 20.68084743113139 , 22.87308246023311
722 , 97.72587223833034 , 91.54859475054128 , 75.67185752774331
723 , 16.515187603971828 , 71.22886467324227 , 17.899294158508546
724 , 20.56937873200283 , 78.05541409943208 , 31.827239258666946
725 , 91.84946501176101 , 9.082065591509444 , 3.6649957239035977
726 , 17.403490657248707 , 52.21961391039947 , 15.461941957444983
727 , 53.72143225168197 , 9.809876702439084 , 87.83508101200417
728 , 97.8256016992495 , 13.913292800887515 , 55.31383598857176
729 , 83.79774573476595 , 27.991118139074505 , 46.489985199142154
730 , 22.795542476354203 , 80.11816571139086 , 78.61381275235429
731 , 57.69873135392524 , 99.5083759252014 , 37.99709960897203
732 , 85.90362885302234 , 78.23974228282222 , 44.409346723400525
733 , 88.60987885314739 , 64.31825240463004 , 58.08995950936791
734 , 75.861628090982 , 28.17262376540817 , 33.30717991542565
735 , 57.39019165134578 , 93.82959632141986 , 39.5674617717073
736 , 47.12694970691853 , 41.867285196657264 , 55.40213337493715
737 , 18.83747854270145 , 33.18572027204922 , 37.47622478988816
738 , 30.61503376616396 , 23.777040734179103 , 23.71754498603579
739 , 74.07929235544071 , 89.30342364289436 , 70.52399961162301
740 , 21.244823798319647 , 63.95676082165666 , 64.43751943874781
741 , 65.9799066153562 , 1.1920846590654919 , 29.24746348640462
742 , 20.804226465008476 , 11.191776375830475 , 66.02511234342994
743 , 76.31235228060278 , 47.020840960692766 , 38.49598930680676
744 , 84.73511320710732 , 97.67765485380966 , 89.04013764975375
745 , 2.65035778128688 , 35.81578556179319 , 10.347900998908294
746 , 4.9677204895615015 , 59.05744519204868 , 35.34187141127668
747 , 52.15829559662587 , 22.942523698536327 , 8.254520043114649
748 , 50.7219034813082 , 91.02020614220457 , 74.7453499157417
749 , 29.16599763585928 , 5.914163591817865 , 71.29716530595313
750 , 92.73671012410212 , 84.70986849975324 , 82.25116925018227
751 , 36.27633187297888 , 82.5937610367389 , 71.96803426945985
752 , 59.83955738283996 , 21.3791273933628 , 46.27824316585743
753 , 31.002673720475546 , 39.32520410342319 , 38.09346669170043
754 , 64.27256842392782 , 93.64122655303747 , 90.9007018410071
755 , 21.587979689113734 , 53.24384301645332 , 28.084993326216104
756 , 97.8841770751538 , 97.62249346204464 , 89.2164463223172
757 , 46.05796798769363 , 61.59756854899124 , 3.248270718592482
758 , 57.388380565517444 , 57.530568533936 , 15.727459322372885
759 , 33.95984186831345 , 31.95674393229158 , 98.32587506027195
760 , 95.4357743707046 , 29.41241973441147 , 27.090340124404026
761 , 65.31261200346546 , 81.47858612514585 , 79.55957016805613
762 , 26.917002525680754 , 81.24628588408903 , 48.8646430605379
763 , 73.66260412414243 , 35.09657325226464 , 69.68096607207671
764 , 17.875308998756648 , 6.958980515136028 , 23.710141507994567
765 , 7.63048293378909 , 21.436134864894846 , 12.397043364279279
766 , 34.83870650888585 , 83.27232831768237 , 25.779149388324246
767 , 13.267942563454257 , 66.70602992222692 , 74.5213558310219
768 , 97.12070738708486 , 43.76422192698402 , 38.425203063376706
769 , 69.75288760649723 , 51.39218109565782 , 43.17758047822279
770 , 88.22068522433909 , 31.10045595591004 , 27.40560300192992
771 , 17.35494043420229 , 5.570779816603222 , 49.035049625688536
772 , 77.0248980419555 , 47.09361236991158 , 8.551153977586402
773 , 8.4194645656843 , 31.009691894416022 , 57.05930413273047
774 , 81.04549144026325 , 58.62771121391608 , 70.71924954669616
775 , 7.883666251408908 , 80.3499671520883 , 78.55224709963132
776 , 4.122214465744336 , 24.616798601641573 , 61.11446336732925
777 , 28.399232586057234 , 39.86534616660415 , 22.642071464360228
778 , 2.4730508824795994 , 89.16354078128003 , 93.80172180318806
779 , 90.39191793102265 , 26.7388852634869 , 13.327950603393502
780 , 24.21571012079705 , 3.9522397521576735 , 63.37143302262737
781 , 30.52617700308735 , 20.32308146990015 , 11.309352945010565
782 , 45.16017417761534 , 49.986634359807255 , 3.5903325497050624
783 , 55.254191651190254 , 96.7193408746381 , 9.657426376053236
784 , 43.152834959204704 , 80.09647402570377 , 30.095055811210177
785 , 37.91112535254926 , 37.89365903048289 , 95.97440264028238
786 , 85.9236109272642 , 34.43415620031212 , 90.58630061598377
787 , 56.4209594850718 , 62.716008083848656 , 63.06721415777995
788 , 13.933174532466182 , 94.06624487923237 , 96.4846981888583
789 , 82.82152356249227 , 3.4596704897157458 , 4.9133454369009595
790 , 25.111461663154202 , 43.862689601229135 , 32.81690660142111
791 , 68.2273326088747 , 57.102938793903185 , 98.56715794503404
792 , 17.127019677802473 , 25.41225486068 , 16.504203314726265
793 , 8.607629237005137 , 57.586425480110776 , 53.13573260360934
794 , 24.513084722518247 , 41.9233960590019 , 59.75964158724918
795 , 34.247761424408196 , 79.65796538692054 , 81.2128809757385
796 , 1.465515011799103 , 21.10353445819091 , 50.524596644276436
797 , 67.86258409332392 , 3.2346169173139065 , 98.89409576253898
798 , 68.94426200468622 , 84.12427086526178 , 61.426708290875645
799 , 73.85253185243614 , 46.91865119810803 , 14.399019388453803
800 , 67.2424499181398 , 51.98708101988954 , 69.08273336251
801 , 3.2081002404282257 , 38.37433191788223 , 90.99870224235923
802 , 51.96510108252115 , 97.50777367635914 , 74.21437891213765
803 , 79.28039373589048 , 57.19515461378226 , 82.046344272444
804 , 20.918779540801825 , 13.455708427735706 , 80.29163385219915
805 , 52.9292582528657 , 66.33617528197883 , 76.05775719365863
806 , 7.247796439035838 , 74.46475087833001 , 6.000581007037824
807 , 53.44272715211143 , 41.88707590835606 , 49.174527292986916
808 , 45.24756412392572 , 19.394574070566954 , 52.515855624050694
809 , 36.23833476515538 , 53.43906329807885 , 71.37257024147867
810 , 6.936568941924152 , 90.88656372833596 , 86.75565771705229
811 , 98.50163244527623 , 46.29067222979252 , 72.25313729235008
812 , 37.172376395030824 , 25.259150665503714 , 79.49544304294113
813 , 61.23829342710286 , 56.52635451813223 , 50.702127061697226
814 , 45.81495036182179 , 55.27953172915356 , 39.91092185459634
815 , 60.315010331725006 , 30.986578525112773 , 84.71649442248844
816 , 52.98017031088663 , 4.283871875606618 , 13.53897395637358
817 , 6.83973650998485 , 7.29544247610762 , 5.547982115402065
818 , 69.0147103184957 , 92.20901354746768 , 60.992290925630094
819 , 21.25948049844941 , 68.33953223075163 , 3.710129299903437
820 , 56.02822872217132 , 34.596628711576656 , 35.54181221038408
821 , 75.86308279963195 , 25.70706530083885 , 74.07942258560782
822 , 71.22299128359754 , 31.565924471930032 , 62.880026721763734
823 , 35.29693091083918 , 88.58614557589637 , 90.72734031537634
824 , 65.99021186515212 , 66.72926815683634 , 5.565163401441476
825 , 94.43905681451429 , 29.32232945440466 , 46.16892661518763
826 , 41.89918552834999 , 44.47077677826705 , 62.147546866366866
827 , 3.2528794319081893 , 68.84233513076667 , 90.84944960521926
828 , 64.91650852735438 , 51.67785451983441 , 54.26051989193505
829 , 38.9749235251245 , 49.93732420967084 , 59.46537725945278
830 , 55.804588501160325 , 22.022449734569772 , 49.53422960876563
831 , 97.21805309329599 , 20.91454962596554 , 27.61377313279742
832 , 79.90884005084999 , 14.717878982740286 , 68.52889271054143
833 , 95.85395220403478 , 56.841439327694026 , 60.17426250736983
834 , 7.235881058573139 , 36.48830987732175 , 89.27088896033561
835 , 54.85930462062452 , 24.42406414159094 , 98.45867224919054
836 , 19.283827007788602 , 74.04751693011818 , 77.35696628338403
837 , 57.24110810580967 , 79.04493294287703 , 70.98165667707369
838 , 28.46799858858317 , 64.63336208669475 , 8.137046125568098
839 , 92.9796648270752 , 37.090292795308876 , 39.50131656514156
840 , 89.72722374308911 , 83.81298065451593 , 55.406127811734684
841 , 85.59245679729986 , 69.96625709069124 , 85.73038852998447
842 , 23.41064881499586 , 44.06889522591795 , 14.817884132471555
843 , 61.625393149833464 , 35.36878085015811 , 71.95853415455733
844 , 49.63542086483549 , 84.51918088434759 , 23.5429320948643
845 , 41.263515554351926 , 5.792142808130857 , 61.10593049811981
846 , 69.9137964569252 , 38.65805429428139 , 77.4840838417849
847 , 94.96021952119975 , 25.012246721525944 , 42.62207735563721
848 , 76.77550515363782 , 10.337168524294604 , 96.56567078842228
849 , 97.61104199567342 , 72.26995898880887 , 41.464174498113366
850 , 79.06239963187875 , 51.58943754083229 , 98.96278518217977
851 , 28.320375190800146 , 11.849157223523186 , 50.58521093763214
852 , 33.39903693515301 , 55.66041286385047 , 27.53201276858538
853 , 31.188104608975284 , 43.73271589491861 , 14.42747578267369
854 , 90.49817204961789 , 44.035249430619814 , 38.20268749152324
855 , 1.635397942448099 , 58.554062371597425 , 50.22990204616653
856 , 4.912532255835104 , 87.50756564036914 , 48.12804897016951
857 , 64.32366500306958 , 5.385114978913924 , 14.083622665214625
858 , 97.96188209031807 , 32.670952306572346 , 98.28714377443747
859 , 84.67833351344639 , 88.38045647175532 , 9.927571237771012
860 , 46.82063951090796 , 70.03798511599173 , 19.236550625739238
861 , 21.262819703002027 , 79.77487255049711 , 96.19600121653377
862 , 87.35018004825767 , 38.168504003208824 , 77.99714172173508
863 , 70.05049967650166 , 81.91401665012722 , 40.07506132626224
864 , 96.71217381116504 , 28.017083042745483 , 24.792586449965484
865 , 61.38978778603009 , 34.37948570235206 , 84.01414318940508
866 , 1.850028650566561 , 96.93796398970903 , 83.78618900555364
867 , 68.79679292934 , 44.39515218725248 , 47.20595412572564
868 , 88.3565884772359 , 1.6914981053127127 , 71.83897470225219
869 , 17.258013498616446 , 32.380357065465674 , 93.22643651134047
870 , 71.07479494112647 , 18.382017590143633 , 21.861255979228144
871 , 31.000729950881436 , 85.69490419650526 , 23.992559080006096
872 , 62.067723929694594 , 22.22475916796849 , 34.91462253318862
873 , 43.33156753256061 , 14.85809712753629 , 56.36935126819004
874 , 42.544636329693795 , 91.44497934671337 , 21.535006066913066
875 , 84.48504979549345 , 69.0895168494439 , 26.764577645777496
876 , 20.418649238546813 , 62.232189948961825 , 13.181642448672674
877 , 23.75361571785265 , 87.78152615354212 , 3.5464524470095498
878 , 91.60414380773638 , 65.46278944234223 , 1.1383903191879314
879 , 13.904871959415233 , 71.16513143148624 , 70.48273827909048
880 , 48.213766524209326 , 46.10453197102753 , 42.76344172584614
881 , 40.30579913339698 , 87.74631047117929 , 70.43575697862019
882 , 42.450826864457774 , 82.13853418046942 , 43.7818171939506
883 , 34.42043559005466 , 45.78822150528634 , 83.44210985019319
884 , 88.68374455085254 , 58.123882155692996 , 25.47467645408917
885 , 47.2695372483476 , 91.07859958714684 , 20.546010073504892
886 , 64.96455703980249 , 95.55773670187705 , 31.36729354296147
887 , 94.86967668571782 , 82.52145079226203 , 10.370917338866176
888 , 31.977959514111518 , 26.873829225469734 , 46.977519057507315
889 , 36.03279904860251 , 60.78089159936601 , 15.060551884071117
890 , 82.78336018507723 , 16.594954204263068 , 51.3890513164805
891 , 41.3860452198 , 94.35130186813973 , 6.008116526361282
892 , 91.66995890076267 , 9.336569352565775 , 45.847839351555564
893 , 10.20458950407053 , 64.80903648029229 , 64.68970698599179
894 , 29.374273901955746 , 35.757198409766296 , 52.79832936456429
895 , 37.72299424975868 , 10.163908403048262 , 46.421071120291586
896 , 12.65705645497249 , 76.32528520400875 , 16.937813425621904
897 , 53.62953829294725 , 37.91753946139757 , 23.277914207897666
898 , 82.50920568678049 , 11.26513206083471 , 12.241622099846571
899 , 41.68720538002903 , 16.8097443484209 , 56.33064777269073
900 , 76.96542725939106 , 95.23967026611508 , 14.250098581356282
901 , 97.61495335800618 , 58.98219711450737 , 58.65264784998426
902 , 64.59131508750716 , 86.13713432516106 , 87.58659823378795
903 , 18.7638845212324 , 8.479350989737892 , 45.66090321158582
904 , 56.562425364797946 , 71.66747544041623 , 67.46798242579823
905 , 99.65309726686138 , 96.70536688681852 , 75.27740514419155
906 , 23.644276464007483 , 11.716583194979751 , 60.427858124976595
907 , 20.940317843978722 , 77.90497981126457 , 69.50793404051682
908 , 37.842442861086354 , 77.21905995810663 , 32.42307492779351
909 , 70.7671870981723 , 99.72168348991946 , 87.5480044708489
910 , 60.5916250982334 , 99.44806455353338 , 31.828960320664596
911 , 65.26232098855739 , 19.839052822910585 , 96.18944000530608
912 , 6.15706265547157 , 44.91054322768287 , 61.21257668545
913 , 12.9340775204499 , 83.0278459871759 , 1.8622455651103118
914 , 38.94565870899663 , 53.70993810239708 , 4.836560118002167
915 , 56.91020614227503 , 51.82310112868793 , 66.83595472333705
916 , 45.72503016777128 , 55.35364204460159 , 48.70790164013346
917 , 65.55164094356273 , 5.965651032696276 , 91.88305995657183
918 , 75.4698288968042 , 57.12633381992466 , 38.140963616582596
919 , 41.93173476937047 , 49.64731265928743 , 81.97899467326579
920 , 29.269526234619292 , 14.982543088358344 , 85.35848146334632
921 , 39.32084256187477 , 34.94625509957573 , 65.19352832957915
922 , 82.72031614443335 , 91.34481365312496 , 71.8279542269607
923 , 49.809782161904366 , 66.11313133006259 , 16.46048900703162
924 , 2.6379257336562816 , 2.0499504041261716 , 18.486761636675073
925 , 98.31240417474856 , 64.7300768750388 , 97.64775320908105
926 , 19.432428515902235 , 34.7150406622075 , 43.81192997880469
927 , 60.549016678845604 , 28.914867766708802 , 61.99722382031349
928 , 86.89024485844104 , 31.312403582716485 , 23.536009787756043
929 , 37.89750815081825 , 70.87121860485193 , 66.2733561755034
930 , 46.47392898870374 , 3.929167817143717 , 84.7808893695606
931 , 96.76616060762842 , 2.3938292721611845 , 12.53324176850739
932 , 83.63093738336642 , 72.73214666662619 , 68.92412299864615
933 , 65.5500838354563 , 62.88663896791122 , 37.09819901254167
934 , 17.61143099676994 , 45.66958442331763 , 98.41758717738426
935 , 69.68704453821469 , 35.458395842894454 , 78.00973999205351
936 , 56.2482855708232 , 85.3981959013221 , 29.09725783400054
937 , 51.467921145150676 , 66.89144206309061 , 65.69977298550762
938 , 28.417891577349547 , 76.60263833829687 , 84.25383147030547
939 , 20.32373748752728 , 7.651472749435666 , 6.502384321860864
940 , 59.69450920642819 , 23.403058254393127 , 91.93195344596664
941 , 15.232330210902543 , 59.90697236983122 , 23.890152709398077
942 , 17.864456389773995 , 74.66398210272348 , 91.97646736453983
943 , 41.49315909187038 , 43.17274301416635 , 85.4627040865307
944 , 12.64009731660365 , 66.40784288195132 , 7.773133899195477
945 , 83.45251814725091 , 65.03176297980758 , 52.728325983795294
946 , 3.53734156546225 , 25.239611775407724 , 22.670557092743778
947 , 51.64252164750059 , 44.77100107602907 , 65.21146538957741
948 , 23.51171156874124 , 2.807121800260434 , 19.47350153554635
949 , 94.35795729792734 , 71.39065138386681 , 87.51240295924835
950 , 58.946100640050624 , 71.13221768741104 , 71.89023955872828
951 , 87.4205616571071 , 2.9141148874751743 , 88.6735014305025
952 , 30.478695444916642 , 41.29528529686323 , 27.627814233139937
953 , 95.28053085490669 , 6.337230970734369 , 76.05738218796134
954 , 95.07621057129849 , 51.17303787832829 , 24.378652754199138
955 , 15.523437023062433 , 85.33951192912423 , 58.470331290833734
956 , 40.07096691643499 , 60.53905397812402 , 14.14683938844635
957 , 74.50403682850401 , 41.52082284246557 , 91.3213572636697
958 , 69.62808137581524 , 84.61429760233949 , 42.276748511869464
959 , 47.87401959139281 , 67.63382186208833 , 18.652031132858454
960 , 6.22321063977655 , 37.814277788679306 , 43.07298152751652
961 , 8.93384114311905 , 21.57202828227658 , 19.809342477807483
962 , 22.915902404452872 , 90.30700334224268 , 51.49689303597181
963 , 30.31752714054457 , 5.82770733920547 , 7.3891150966744
964 , 48.60979914746996 , 2.180433894807599 , 27.25851321710366
965 , 51.96060407760766 , 58.45765637212199 , 17.485159052440856
966 , 47.21278922707633 , 76.49846786008459 , 95.73100278288271
967 , 42.10896473589981 , 29.633440952165483 , 51.6711525196824
968 , 1.0516110693357603 , 64.25525215683015 , 97.9443430279699
969 , 74.1274418748321 , 9.920041531800061 , 57.38417421867545
970 , 97.57364783043933 , 71.9929494378081 , 46.336659351886645
971 , 31.0100248631046 , 83.98831058705107 , 9.822244522735296
972 , 9.389030517623691 , 91.40328522293687 , 49.55438678012788
973 , 20.557483737372042 , 23.2635656234908 , 83.36033732056478
974 , 58.75060628313253 , 51.14141990970704 , 61.5903832552443
975 , 5.674318192991559 , 7.693796025856641 , 11.429978244466986
976 , 52.859469490808266 , 16.158713218852938 , 72.06142925408535
977 , 86.03749901694553 , 32.8459574855602 , 89.27227188152727
978 , 66.42600021408076 , 82.05610533472355 , 78.51478584746658
979 , 58.424759887499555 , 61.29630765862623 , 64.32865532090074
980 , 87.63529737352799 , 93.23245910420276 , 69.18552627086073
981 , 80.04053181999636 , 18.41217298246292 , 8.479070473828344
982 , 73.140615397144 , 59.33395215254248 , 26.928627150725156
983 , 23.987088104037852 , 42.49352917618119 , 27.295603431476682
984 , 26.30366902889678 , 29.544521732034344 , 37.063311777923424
985 , 6.989705258751654 , 79.22699857990544 , 3.4347933587752353
986 , 89.98519390947128 , 16.2729062598087 , 45.0457723032443
987 , 55.20087553623387 , 38.73769249670237 , 36.43095905382952
988 , 24.62031579946325 , 41.60890825748333 , 64.84367250984928
989 , 47.88639312887944 , 65.90810105047254 , 33.05196695224335
990 , 5.015461317463748 , 74.37594615785154 , 38.70530611074504
991 , 1.4147468842114541 , 92.2187870071895 , 17.06139017434579
992 , 79.39686521185844 , 81.8906969577313 , 10.882347879059642
993 , 4.906886003493678 , 76.90319043338447 , 86.32945633863298
994 , 75.76823801661871 , 96.02140529572628 , 78.44868375899728
995 , 24.20900829434747 , 16.302494549468083 , 53.99123117336309
996 , 89.14168205984434 , 4.778317581107239 , 94.869442480425
997 , 39.647744001226165 , 29.596174149434063 , 93.82942973162149
998 , 77.32727952230245 , 94.94786769649046 , 19.616601312930612
999 , 49.70606514028897 , 61.76815485663036 , 34.58278862600218
1000 , 57.21728509311853 , 26.18516278442953 , 19.54114274447126
